{"train_loss": [1.7906774376119887, 0.35106334136678025, 0.16447601003886816, 0.11351552997147302, 0.08835653660746363, 0.06770604733172078, 0.04865457593665954, 0.040447749180247544, 0.044349896990431036, 0.025528278493461527], "val_loss": [0.292910392461128, 0.1291230119897464, 0.08300355224034933, 0.06517167975428936, 0.054494701286637075, 0.04450090275717822, 0.023591619481542925, 0.06848026617586679, 0.07591988869683725, 0.06088989033681829], "train_acc": [0.5541845929052683, 0.907135319425278, 0.960873447520091, 0.9728874096923451, 0.9794626187190518, 0.984657845604351, 0.9883107395080769, 0.9913142300511405, 0.9905836512703953, 0.9941553697540385], "val_acc": [0.9408327246165084, 0.9744338933528123, 0.9788166544923301, 0.9839298758217677, 0.985390796201607, 0.9919649379108838, 0.9926953981008035, 0.9934258582907232, 0.9897735573411249, 0.9948867786705624]}