{"train_loss": [1.7337247923984156, 0.2922951648767747, 0.14118696768441563, 0.09754366638840406, 0.060378618514195376, 0.0632542902340181, 0.04344150094204227, 0.036160786543746236, 0.034052992927700435, 0.02653552974297798, 0.03658368141213301, 0.024967889871011718, 0.0162484056538066, 0.008414369397201008, 0.005342623176753122, 0.006564609893316505, 0.007293112290625265, 0.011330992912266259, 0.008225018414798023, 0.006917605969551816], "val_loss": [0.3656227926420438, 0.1294849466608274, 0.06612568554598067, 0.05656063494946064, 0.039950089169911565, 0.10121764382500545, 0.06128929879729095, 0.025476450301772105, 0.02422960439644336, 0.03487213764513937, 0.03601418792023404, 0.03780239655696718, 0.019136685465864948, 0.01426555691237504, 0.011939985899860004, 0.011790399715496854, 0.020839174094862786, 0.010312955327190865, 0.015819144747300694, 0.01722867845501931], "train_acc": [0.5396541927104472, 0.9221527721405959, 0.9680168844873772, 0.9783261628378926, 0.9853884243850962, 0.9868495819465866, 0.9908271775306438, 0.9913954054712233, 0.9931812647130449, 0.9930189138728793, 0.9944800714343697, 0.9953730010552805, 0.9973212111372677, 0.9973212111372677, 0.9983764915983441, 0.9984576670184269, 0.9983764915983441, 0.9976459128175988, 0.9981329653380956, 0.99797061449793], "val_acc": [0.8743608473338204, 0.9649379108838568, 0.9744338933528123, 0.9846603360116873, 0.9905040175310446, 0.985390796201607, 0.9861212563915267, 0.9941563184806428, 0.9941563184806428, 0.9934258582907232, 0.9963476990504018, 0.9941563184806428, 0.9948867786705624, 0.9970781592403214, 0.997808619430241, 0.9985390796201608, 0.9970781592403214, 0.9985390796201608, 0.9985390796201608, 0.9985390796201608]}