{"train_loss": [1.5949718576166536, 0.2748459907925942, 0.15171567113955153, 0.10146142534576938, 0.0762577926832677, 0.04829301381678365, 0.05260340882696166, 0.05297195689275349, 0.030136095663839253, 0.026471644525975856, 0.040599952570230975, 0.03007341681382258, 0.01781044252025164], "val_loss": [0.2689088299588928, 0.1421613426287496, 0.06240107284791224, 0.04867610043110353, 0.06623943068524708, 0.04201721592980467, 0.051265354828206794, 0.029972934288679823, 0.02369062962504391, 0.033539883482037444, 0.029082078946265955, 0.010054405210309805, 0.03927630870134908], "train_acc": [0.5877100413994643, 0.9237762805422518, 0.9651757447844792, 0.9785696890981411, 0.984251968503937, 0.988716616608491, 0.9898530724896502, 0.9903401250101469, 0.994723597694618, 0.994723597694618, 0.9936683172335417, 0.9946424222745353, 0.9957788781556944], "val_acc": [0.9386413440467495, 0.956172388604821, 0.9824689554419284, 0.9868517165814463, 0.9897735573411249, 0.9905040175310446, 0.9926953981008035, 0.9941563184806428, 0.9948867786705624, 0.9948867786705624, 0.9926953981008035, 0.9963476990504018, 0.9970781592403214]}