{
  "train_loss": [
    1.5778492606443886,
    0.08119346186140969,
    0.025159545621129115,
    0.010887133017717904,
    0.005021489140778258,
    0.0028008038629477976
  ],
  "val_loss": [
    0.12541038405838634,
    0.03937253112774791,
    0.022664829183739275,
    0.01640612987387814,
    0.012908618578056677,
    0.010962422178456815
  ],
  "train_acc": [
    0.6584950077116649,
    0.985469599805179,
    0.9944800714343697,
    0.99797061449793,
    0.9993505966393376,
    0.9996752983196688
  ],
  "val_acc": [
    0.9685902118334551,
    0.9912344777209642,
    0.9956172388604821,
    0.997808619430241,
    0.997808619430241,
    0.997808619430241
  ],
  "train_f1": [
    0.6151522058872709,
    0.9819542909740014,
    0.9939620537609132,
    0.9973229157781609,
    0.9989527447099511,
    0.9995572320123821
  ],
  "val_f1": [
    0.9409257220188026,
    0.9889145560552637,
    0.9936986480369054,
    0.9961388336039032,
    0.9969390649312786,
    0.9961388336039032
  ]
}